{
  "hit_threshold": 41.0,
  "hit_rate": 0.1059327587336734,
  "n_total": 1159764,
  "models": {
    "Majority Class": {
      "accuracy": 0.8940690570934628,
      "precision": 0.0,
      "recall": 0.0,
      "f1": 0.0,
      "roc_auc": 0.5,
      "pr_auc": 0.1059309429065371
    },
    "Logistic Regression": {
      "accuracy": 0.6825003341194121,
      "precision": 0.20866281969081713,
      "recall": 0.7152334052338122,
      "f1": 0.32307225648709015,
      "roc_auc": 0.7675873466008392,
      "pr_auc": 0.3040961081071716
    },
    "Random Forest": {
      "accuracy": 0.8987079278991865,
      "precision": 0.5799643281807372,
      "recall": 0.15880509543771112,
      "f1": 0.24933703952202946,
      "roc_auc": 0.819865346904648,
      "pr_auc": 0.39099759496749825
    },
    "XGBoost": {
      "accuracy": 0.8548757722469639,
      "precision": 0.3650345912883399,
      "recall": 0.5003459362663302,
      "f1": 0.4221115879828326,
      "roc_auc": 0.8203884456229267,
      "pr_auc": 0.3855639208304064
    }
  },
  "best_model": "XGBoost",
  "ablation": {
    "full": 0.4221115879828326,
    "drop_top3 (year, instrumentalness, duration_ms)": 0.33156583063789175
  }
}